"","1 IB Connection","8 IB Connections"
"Model
Tokens
Size
per GPU","Baseline
ZeRO++
Speedup
TFLOPs
TFLOPs","Baseline
ZeRO++
Speedup
TFLOPs
TFLOPs"
"138B
2K
138B
1K","19.96
37.90
1.90x
11.25
21.81
1.94x","47.55
55.30
1.16x
34.19
44.38
1.30x"
"91B
2K
91B
1K","19.99
38.06
1.90x
11.27
21.93
1.95x","47.74
56.26
1.18x
34.49
44.36
1.29x"
"49B
2K
49B
1K","20.06
38.08
1.90x
11.27
21.95
1.95x","48.05
56.24
1.17x
34.54
44.46
1.29x"
"18B
2K
18B
1K","25.98
46.40
1.79x
14.15
30.57
2.16x","47.31
53.65
1.13x
31.27
37.87
1.21x"
